name,package_name,description,icon_url,genre,rating,ratings
Pok√©mon GO,com.nianticlabs.pokemongo,"New! Now you can battle other Pok√©mon GO Trainers online! Try the GO Battle League today!

Join Trainers across the globe who are discovering Pok√©mon as they explore the world around them. Pok√©mon GO is the global gaming sensation that has been downloaded over 1 billion times and named ‚ÄúBest Mobile Game‚Äù by the Game Developers Choice Awards and ‚ÄúBest App of the Year‚Äù by TechCrunch.
_______________

Uncover the world of Pok√©mon: Explore and discover Pok√©mon wherever you are!
 
Catch more Pok√©mon to complete your Pok√©dex!
 
Journey alongside your Buddy Pok√©mon to help make your Pok√©mon stronger and earn rewards!

Compete in epic Gym battles and...Team up with other Trainers to catch powerful Pok√©mon during Raid Battles!
 
It‚Äôs time to get moving‚Äîyour real-life adventures await! Let‚Äôs GO!
_______________

Notes: 
- This app is free-to-play and offers in-game purchases. It is optimized for smartphones, not tablets.
- Compatible with Android devices that have 2GB RAM or more and have Android Version 6.0‚Äì10.0+ installed.
- Compatibility is not guaranteed for devices without GPS capabilities or devices that are connected only to Wi-Fi networks.
- Application may not run on certain devices even if they have compatible OS versions installed.
- It is recommended to play while connected to a network in order to obtain accurate location information.
- Compatibility information may be changed at any time.
- Please visit PokemonGO.com for additional compatibility information. 
- Information current as of October 20, 2020.",https://play-lh.googleusercontent.com/6qUR3CmTyz3lMdMK8GENfibQ9ZQIIgHIP3_pgnYcuG04ykheKtl-dhyPzjlvhF_MANI,Adventure,3.988406,"100,000,000+"
Monster Legends,es.socialpoint.MonsterLegends,"Breed and train monsters of all elements and rarities! Build your fighting force and face the ultimate challenge: Battles against other Monster Masters! 

Discover the universe of Monster Legends and the story of its inhabitants. Start by building a city for your monsters, fill it with habitats, and breed new species! Then, collect monsters and choose your strategy in action-packed battles.

UNIQUE MONSTERS AWAIT
- Collect over 900 monsters: There are new monsters every week!
- Breed monsters of different elements and rarities to create cool new species.
- Obtain incredible monsters of all types in the game‚Äôs limited-time events.

RPG PROGRESSION & STRATEGY
- Level up your monsters for the battles ahead and rank them up in the Monster Lab.
- Boost your monsters‚Äô powers with Runes, Relics, Beasts, and Talents to gain advantages in battle.
- Set your strategy combining attackers, tanks, and control monsters.

REAL-TIME MULTIPLAYER BATTLES
- Challenge other Monster Masters in real-time Live Duels.
- Battle in the Multiplayer Mode for trophies, rewards, and a chance to reach the top Leagues.
- Fight your way through the Era Saga Dungeons to unveil the story of Monster Legends.

YOUR MONSTER PARADISE
- Build your Breeding Mountain, Farms, and Habitats straight away!
- Unlock special buildings like the Library and the Monster Lab.

DON‚ÄôT DO IT ALONE
- Join a Team and enjoy exclusive events such as Wars and Marathons.
- Use the Team Chat to build a strategy with your teammates.

Are you skillful enough to become the #1 Monster Master in the world?

Connect with the Monster Legends Community:
Facebook: https://www.facebook.com/MonsterLegends
Instagram: https://www.instagram.com/monsterlegends
Youtube: https://www.youtube.com/MonsterLegendsGame
Twitter: https://twitter.com/Monster_Legends
Discord: https://discord.gg/monsterlegends

Monster Legends is FREE to download and includes optional in-game purchases (including random items). Information about drop rates for random item purchases can be found in-game. If you wish to disable in-game purchases, please turn off the in-app purchases in your phone or tablet‚Äôs Settings.

Do Not Sell My Personal Information: https://www.take2games.com/ccpa/",https://play-lh.googleusercontent.com/vzNcfTmzrLU1Wg90fuY1o5J9_LhGM5WguTbFhC88gW-H2bFKlr7jpKZGJ0msGS-GBp6F,Strategy,4.5852456,"50,000,000+"
Google Play Games,com.google.android.play.games,"Games are more fun with the Google Play Games app. We'll help you find your next favorite game ‚Äì from action to puzzles. And with ""Instant play,"" many games require no installation. Really. Save your progress and track your achievements as you level up. Plus, you can pick up where you left off from any device.

KEY FEATURES
‚Ä¢ <b>Instant play:</b> There‚Äôs no installation needed ‚Äì look for the ""Instant play"" button to instantly play full games.
‚Ä¢ <b>Built-in Google games:</b> Play Solitaire, Minesweeper, Snake, PAC-MAN, Cricket, and Whirlybird ‚Äì even when you‚Äôre offline.
‚Ä¢ <b>Save your progress:</b> Your progress is automatically saved to the cloud when you see ""Progress saved by Play Games.""
‚Ä¢ <b>Gamer profile:</b> Create a custom gamer ID, unlock achievements, earn XP, and level up.
‚Ä¢ <b>Gameplay recording:</b> Easily record and share your best gameplay moments.",https://play-lh.googleusercontent.com/wpRQkfqbkPztp1US6HDr8E41We8GyY-B4CG1PMmWI3WKDk9OeYh4ehXwKIfZB7dm-sc,Entertainment,4.2456145,"5,000,000,000+"
Mortal Kombat,com.wb.goog.mkx,"Get over here and immerse yourself in the iconic and visceral action of MORTAL KOMBAT MOBILE anytime, anywhere. Kollect legendary fighters like Scorpion, Sub-Zero, Raiden, and Kitana and fight in epic 3v3 battles set in the Mortal Kombat universe. This visually stunning fighting and card collection game has multiple modes and re-introduces characters and lore from Mortal Kombat‚Äôs 30-Year fighting game legacy. Launch into the action today and prove yourself in the greatest fighting tournament in all of the realms!

MASSIVE CHARACTER ROSTER
The roster is stacked with over 150 Mortal Kombat fighters spanning from the arcade days to the New Era of Mortal Kombat 1. Kollect the klassic fighters from MK3, legendary kombatants from MKX and MK11, and even reimagined fighters like Shang Tsung from MK1! The roster also features mobile exclusive variants like the Kombat Cup Team, as well as notorious guest fighters like Freddy Krueger, Jason Voorhees, and the Terminator.

BRUTAL 3v3 KOMBAT
Assemble your own team of versatile Mortal Kombat fighters and lead them into battle to earn experience, level up your attacks, and knock out the kompetition in Faction Wars. Each fighter has a set of unique attacks, like Sindel‚Äôs Banshee Scream, and Kabal‚Äôs Dash and Hook. Strategize with different team combinations such as the MK11 team or Day of the Dead team to maximize synergies and get an advantage over your enemies.

EPIC FRIENDSHIPS & BRUTALITIES
Mortal Kombat brings its trademark Friendships and Brutalities to mobile! Equip your Diamond fighters with the right Gear and unleash these over-the-top and iconic moves. Hug your evil twin with Kitana‚Äôs Friendship. Feel the power of Nightwolf‚Äôs Tomahawk with his Skull Cracker Brutality!

LORE-BASED TOWER EVENTS
Fight to the top of single-player Tower events to unlock exclusive tower-themed Equipment and earn impressive game rewards. Battle through the tower levels and knock out Bosses like Scorpion in the Shirai Ryu Tower, Sub-Zero in the Lin Kuei Tower, and Johnny Cage in the Action Movie Tower. Claim victory and Test Your Might in the Fatal versions for an extra challenge! 

THE KRYPT
Shang Tsung‚Äôs Krypt awaits! Choose your own path and crawl through the Krypt to find hidden treasures that lie beyond the Fog. Explore and fight through the map to earn Krypt Hearts and Konsumables to unlock featured Diamond Fighters and Equipment!

MULTIPLAYER FACTION WARS
Compete and fight with other players in Faction Wars, an online competitive arena mode where players duel against other players' teams. Climb the ranks of your Faction‚Äôs leaderboard to earn seasonal prizes

WEEKLY TEAM CHALLENGES
Prove yourself in epic battles and complete a series of matches to bring new Mortal Kombat warriors to your roster! Come back every week to take on different fighting Challenges and kontinue to expand and level up your game Kollection with fighters like Jade, Sub-Zero, and Goro!

KOMBAT PASS SEASONS
Earn a variety of rewards including Souls, Dragon Krystals, and more by completing specific game objectives. Ascend featured Gold fighters like Warlock Quan Chi and Aftershock Tremor to instantly make them stronger and unlock their ability to perform a Brutality!

FEATS OF STRENGTH
Unlock unique Mortal Kombat profile and victory kustomizations by completing certain character objectives! Design your War Banner to show off in Faction War fights and gain Kombat stat bonuses by unlocking certain Feats of Strength.

Download this groundbreaking, free fighting game TODAY and unleash your power!",https://play-lh.googleusercontent.com/FHyo-8OuAN3P6_wJi21bayf8KltZ_ZWpE7n6M5lROrl-U3QeSjvbgi8clOhdaY_M5jY,Action,4.2033324,"100,000,000+"
EA SPORTS FC‚Ñ¢ Mobile Soccer,com.ea.gp.fifamobile,"FIFA Mobile is now EA SPORTS FC‚Ñ¢ Mobile Soccer! The World's Game, in your pocket.

Train and build your dream Football Ultimate Team‚Ñ¢ of soccer legends and put them to the test. Collect Player Items of world-class talent like Erling Haaland, Jude Bellingham, Virgil van Dijk, and Son Heung-min. Take control in the latest version of your favourite online soccer game.

Manage teams from your favourite soccer league ‚Äì Real Madrid from LALIGA EA SPORTS‚Ñ¢, Manchester City from the Premier League, and many more. Score goals with some of your favourite players as you level up your dream team of soccer stars from the 23/24 season. Join a league with your friends & compete against the best in PvP games including Head-to-Head, VS Attack and Manager Mode.

Join the next generation of soccer legends with EA SPORTS FC.

NEXT-LEVEL GAMEPLAY
- True Player Personality: Reflecting authentic player characteristics, with tangible attribute impact and animation diversity
- Dynamic Game Speed: Mobile-first and tactile game speed, allowing for a more exciting sports game experience
- Elite Shooting System: Realistic shot system allows impact players to make their mark

CHALLENGE YOUR FRIENDS & WATCH LEAGUE MATCHES LIVE
- Join a league with friends and challenge them to a match
- Share your league match broadcasts so your league mates can watch live
- Watch your league mates compete in their H2H matches, or watch the recording for up to a week post match
- Start a League Tournament and battle other Leagues to top the leaderboard

IMMERSIVE NEXT-LEVEL SOCCER GAME
- Immersive Broadcast Experience bringing an authentic feel to your online soccer games
- Discover new dynamic cameras and impactful replays
- Soccer fans can experience realistic stadium SFX and live on-field commentary
- Unlock stadiums and weather modes for an enhanced soccer matchday

SOCCER LEGENDS, LEAGUES & COMPETITIONS
- EA SPORTS FC MOBILE is home to the biggest competitions, leagues, and players across the world‚Äôs game with more than 15,000 fully licensed players, 650+ teams, and 30+ leagues
- Premier League, UEFA Champions League, LALIGA EASPORTS, Bundesliga, Ligue 1, Serie A, , and many more are playable throughout the season
-UEFA European Championship coming this summer!
- Get on the pitch with world soccer stars: Erling Haaland, Jude Bellingham, Virgil van Dijk, Son Heung-min and many more
- Play with soccer legends and ICONs: Ronaldinho, Steven Gerrard & Wayne Rooney

UCL TOURNAMENT MODE
- Play the Champions League with all 32 qualified teams
- Experience the authentic UCL broadcasting package, UCL stadium art, official UCL ball and the iconic trophy ceremony

FIFA Mobile is now FC Mobile. Welcome to the club.

This app: Requires acceptance of EA‚Äôs User Agreement and Privacy & Cookie Policy. Do Not Sell My Personal Information: https://tos.ea.com/legalapp/WEBPRIVACYCA/US/en/PC/ Requires an Internet connection (network fees may apply). Allows players (above the minimum age of digital consent in their country) to communicate via League chat; to disable for users under the age of majority with League chat access, use your device's parental controls. Includes in-game advertising. Contains direct links to the Internet and social networking sites intended for an audience over 13. The app uses Google Play Game Services. Log out of Google Play Game Services before installation if you don‚Äôt want to share your game play with friends. This game includes optional in-game purchases of virtual currency that can be used to acquire virtual in-game items, including a random selection of virtual in-game items. FC Points not available in Belgium.

User Agreement: terms.ea.com
Privacy and Cookie Policy: privacy.ea.com
Visit help.ea.com for assistance or inquiries.
EA may retire online features after 30 days‚Äô notice posted on ea.com/service-updates.",https://play-lh.googleusercontent.com/opydYHj2_Mg7si7_gcEHYtdIL09CU32oqTSTPfBe0a-IL_9hpo6R_TK1l0hBsw1lOkGx,Sports,4.2189093,"500,000,000+"
Fishdom,com.playrix.fishdomdd.gplay,"Never Fishdomed before? Take a deep breath and dive into an underwater world of match-3 fun with Fishdom, an all-new free game!
 
Try challenging and fun match-3 gameplay with unique puzzles as you decorate aquariums to create cozy homes for lovely talking fish. Feed them, play with them, and watch them interact with each other. Hey, your finned friends are waiting for you, so dive in now and enjoy this amazing underwater adventure!
 
Features:
‚óè Unique gameplay: swap and match pieces, design and decorate aquariums, play with and take care of fish‚Äîall in one puzzle game!
‚óè Play hundreds of challenging and fun match-3 levels
‚óè Compete with other players to develop your aquarium even faster
‚óè Explore an exciting aquatic world with funny talking 3D fish that each have their own personality
‚óè Liven up fish tanks with breathtaking underwater decor
‚óè Grab your scuba mask and enjoy amazing aquarium graphics
‚óè It‚Äôs a blast for everyone: share your Fishdom mania with your Facebook friends!
‚óè No Wi-Fi or internet connection required to play
 
Please note that Fishdom is free to play, though some in-game items can also be purchased for real money.
 
Enjoying Fishdom? Learn more: Facebook: facebook.com/Fishdom Instagram: https://www.instagram.com/fishdom_mobile/ Twitter: https://twitter.com/FishdomOfficial
 
Questions? Contact our Tech Support by sending an email to fishdom@playrix.com or check our Web Support Portal: https://plrx.me/2IKJXyB6HR

Terms of Use : https://playrix.com/en/terms/index.html

Privacy Policy: https://playrix.com/en/privacy/index.html",https://play-lh.googleusercontent.com/ufnNKnPUgmmoM-IkudoMJoMNAVIlfSL39B2b2UqS_LRn9SnabvriXozaiA7K9pgDr9g,Puzzle,4.583531,"100,000,000+"
Need for Speed‚Ñ¢ No Limits,com.ea.game.nfs14_row,"Rule the street racing Underground as you race in the first Need for Speed made just for mobile! Conquer the asphalt of Blackridge city, engage your nitro, and tune your cars ‚Äî from the game developer that brought you Real Racing 3! 

Build the car collection of your dreams by acquiring cars, tuning them, and customizing them to your style. Launch yourself between chaos and control as you drift and roll into underground street racing. 

Take down the competition, engage your nitro, up your street rep, and burst into traffic - more races, customizations, and cars! Leave your mark on the city and never look back in this exciting racing game.

Note: This app offers in-app purchases. You may disable in-app purchases using your device settings.

A RACING GAME WITH NO LIMITS

Become a master car builder with the customization system, giving you over 2.5 million tuning combos to play with. Your rides are waiting ‚Äì test them on the asphalt of the city‚Äôs street racing scene.

Level-up your driving game with the real-world dream cars you‚Äôve always wanted - from manufacturers such as Bugatti, Lamborghini, McLaren, and many more top car brands. 

DRIVE FAST ‚Äî AND FEARLESS

Steer onto the asphalt of the Blackridge street racing scene, zip around debris, into traffic, against walls, and through high-speed Nitro Zones!

Around every corner is a fresh racing rival ‚Äî clash with local crews and evade cops. Get your driving game face on and earn unparalleled respect.

RACE TO WIN

Never back down as you take on extreme street racing, and never stop hitting nitro against anyone crazy enough to take you on. Increase your rep by any means necessary!

Drift, drag, and roll your ride to the finish line while outrunning the police on your tail. Heat up the asphalt in over 1,000 challenging races in the infamous street racing city. Invest further into car tuning, be notorious, don‚Äôt save your nitro ‚Äî and change the racing game forever!

---------------------
User Agreement: terms.ea.com
Visit https://help.ea.com/ for assistance or inquiries.

EA may retire online features and services after 30 days‚Äô notice posted on www.ea.com/1/service-updates

Important Consumer Information:

This app: requires a persistent Internet connection (network fees may apply); Requires acceptance of EA‚Äôs Privacy & Cookie Policy and User Agreement. includes in-game advertising; collects data through third party analytics technology (see Privacy & Cookie Policy for details); contains direct links to the Internet and social networking sites intended for an audience over 13.",https://play-lh.googleusercontent.com/QWeG8SH8NCID_fVDZwkDyRaZtKYrFvFckviICajpShYvoK2cXgqHevOJ_Zdx6EsfyoBl,Racing,4.4209056,"100,000,000+"
MONOPOLY GO!,com.scopely.monopolygo,"Hit GO! Roll the dice! Earn MONOPOLY money, interact with your friends, family members and fellow Tycoons from around the world as you explore the expanding universe of MONOPOLY GO! It‚Äôs the new way to play - board flipping cleanup not required!

Take a Break!

Escape, enjoy, dream, scheme and stay in touch with this newly reimagined twist on MONOPOLY! Let everyone‚Äôs favorite zillionaire, Mr. MONOPOLY, be your guide as you explore new boards themed after world-famous cities, fantastical lands and imaginative locales.

So MONOPOLY GO!

Experience classic fun and visuals with gameplay fit for your phone! Collect Properties, build Houses and Hotels, pull Chance Cards, and of course, earn that MONOPOLY Money! Play with your favorite game Tokens such as the Racecar, Top Hat, Battleship, and more. Earn more tokens as you go! 

See MONOPOLY icons like Mr. M, Scottie and Ms. MONOPOLY come to life, and brand new characters too!

Your Family Table!

Help or hinder! -  You and friends can earn easy money with Community Chest and co-op events! Or heist their banks to help yourself get to the top. Don‚Äôt feel bad!

Collect and trade story-filled Stickers with friends and family and in our MONOPOLY GO! Facebook Trading Groups! Complete gorgeous, clever albums for huge rewards!

Features!

BUY & BUILD YOUR WAY TO THE TOP

Collect Property Tile Sets to build Houses and upgrade your Houses to Hotels to get even more rent from friends! All you have to do is hit GO!

ENJOY THAT CLASSIC MONOPOLY ATMOSPHERE

Roll the dice to enjoy the classic MONOPOLY board you know and love. Featuring familiar faces such as MR. MONOPOLY, and familiar spaces such as jail (womp womp!), Railroads, Properties, Tokens and more! 

PLAY WITH FRIENDS AND FAMILY

Get social! Play with friends to take full advantage of new mini-games such as Community Chest ‚Äì where you and friends take a break from mischief and work together! 

NEW OPPORTUNITIES EVERY DAY

Play Tournaments, the Prize Drop plinko mini-game, the Cash Grab mini-game and follow our Events for big rewards. With new Events running every hour, there are new ways to play and win every day!

MONOPOLY GO! is free to play, though some in-game items can also be purchased for real money. Internet connection is required to play the game.

The MONOPOLY name and logo, the distinctive design of the game board, the four corner squares, the MR. MONOPOLY name and character, as well as each of the distinctive elements of board and playing pieces are trademarks of Hasbro, Inc. for its property trading game and game equipment. ¬© 1935, 2023 Hasbro.

Privacy Policy:
https://scopely.com/privacy/

Terms of Service:
http://scopely.com/tos/

Additional Information, Rights, and Choices Available to California Players: https:scopely.com/privacy/
#additionalinfo-california

By installing this game you agree to the terms of the license agreements.",https://play-lh.googleusercontent.com/DfYkSl-nQoMNLX2bec7EwHemrvyDYmDgzIR1jcsyt0ZAcmO_SKjuu0a1o1iSwtnl8_g,Board,4.4648404,"50,000,000+"
Mario Kart Tour,com.nintendo.zaka,"‚ñ†Challenge players worldwide in multiplayer!
You can race against up to seven other players, whether they're registered as in-game friends, nearby, or scattered around the world.

Multiplayer races can be customized with a variety of rules, such as individual or team races, kart speed, and number of item slots. You can play however you want!

‚ñ† Mario Kart takes a world tour!
Mario and friends go global in this new Mario Kart as they race around courses inspired by real-world cities in addition to classic Mario Kart courses! These destinations will be featured in tours that rotate every two weeks! In addition to courses based on iconic locales, some of your favorite Mario Kart characters will get variations that incorporate the local flavor of cities featured in the game!

‚ñ† Endless Mario Kart fun at your fingertips!
The Mario Kart series known and loved by many is ready to take the world by storm ‚Äì one smart device at a time! With just one finger, you can steer and drift with ease and sling devastating items as you go for the gold in cups filled with new and classic Mario Kart courses.

‚ñ† Nab 1st place with items and Frenzy mode!
In Mario Kart Tour you have access to an arsenal of powerful items that can mix things up on the racetrack! Turn up the heat by activating the new Frenzy mode, which gives an unlimited supply of a certain item and makes you invincible! Make the most of the ensuing chaos, as Frenzy mode only lasts a short time!

‚ñ† Collect drivers, karts, badges, and more!
Earn Grand Stars by racing or fire off the featured pipe to receive more drivers, karts, and gliders! You can also proudly display badges, earned by completing certain challenges, next to your in-game name!

‚ñ† Bonus challenge courses put a twist on traditional races!
In certain races, 1st place isn't always the goal. With names like ""Vs. Mega Bowser"" and ""Goomba Takedown,"" these bonus challenge courses demand a different approach to gameplay and strategy!

‚ñ† Race to increase your online rank!
Boost with the best of 'em! Your high scores will determine how you compare to other players all over the world. Keep practicing and trying out different combinations of drivers, karts, and gliders to increase your score and rise to the top!

Note: A Nintendo Account is required to play Mario Kart Tour.

* Free-to-start; optional in-game purchases available. Persistent Internet, compatible smartphone, and Nintendo Account required. Data charges may apply.
* For information about our ads, please see the ‚ÄúHow we use your information‚Äù section of the Nintendo Privacy Policy.
* May include advertising.

User Agreement:
https://support.mariokarttour.com/application_eula

¬© 2019 Nintendo
Mario Kart is a trademark of Nintendo.",https://play-lh.googleusercontent.com/Nhdcc77MHYfXR9LoVhhkpnKbhwpZpCLKfl8dUwVhyqgflBQ5ROBtLsn_2fIongMYeoo6,Action,4.3064795,"100,000,000+"
Roblox,com.roblox.client,"Roblox is the ultimate virtual universe that lets you create, share experiences with friends, and be anything you can imagine. Join millions of people and discover an infinite variety of immersive experiences created by a global community!

Already have an account? Log in with your existing Roblox account and explore the infinite metaverse of Roblox.

MILLIONS OF EXPERIENCES

In the mood for an epic adventure? Want to compete against rivals worldwide? Or do you just want to hang out and chat with your friends online? A growing library of experiences created by the community means there‚Äôs always something new and exciting for you every day.

EXPLORE TOGETHER ANYTIME, ANYWHERE

Take the fun on the go. Roblox features full cross-platform support, meaning you can join your friends and millions of other people on their computers, mobile devices, Xbox One, or VR headsets.

BE ANYTHING YOU CAN IMAGINE

Be creative and show off your unique style! Customize your avatar with tons of hats, shirts, faces, gear, and more. With an ever-expanding catalog of items, there‚Äôs no limit to the looks you can create.

CHAT WITH FRIENDS

Hang out with friends around the world using chat features, private messages, and groups!

CREATE YOUR OWN EXPERIENCES: https://www.roblox.com/develop
SUPPORT: https://en.help.roblox.com/hc/en-us
CONTACT: https://corp.roblox.com/contact/
PRIVACY POLICY: https://www.roblox.com/info/privacy
PARENT‚ÄôS GUIDE: https://corp.roblox.com/parents/
TERMS OF USE: https://en.help.roblox.com/hc/en-us/articles/115004647846

PLEASE NOTE: A network connection is required to join. Roblox works best over Wi-Fi.",https://play-lh.googleusercontent.com/WNWZaxi9RdJKe2GQM3vqXIAkk69mnIl4Cc8EyZcir2SKlVOxeUv9tZGfNTmNaLC717Ht,Adventure,4.436438,"500,000,000+"
Match Factory!,net.peakgames.match,"Dive into the fascinating world of Match Factory, the brand new puzzle game from the creators of Toon Blast & Toy Blast. Once you play, you will come for Match Factory every day!

Connect identical items, sort tiles, and clear the board in this mesmerizing match 3D game. Challenge your puzzle-solving skills as you keep sorting and matching objects until every item is cleared from the screen. It‚Äôs not just a puzzle; it‚Äôs a test of your wit and strategy.

Relax and Have Fun! Leave your worries behind and enjoy quality relaxation and fun. Immerse yourself in the soothing game atmosphere , enjoy your brain time and increase your zen!

Play Anytime, Anywhere without WI-FI! Enjoy the game online or offline, and never worry about Wi-Fi. Whether you‚Äôre on a grand adventure or simply taking a break, Match Factory will always be there to entertain you. In-app purchases do require an active internet connection.

Become the Master of 3D Puzzles! Time is of the essence in this match 3d game! With each level equipped with a timer, you‚Äôll need to think fast and act even faster to triumph!

Boosters to the Rescue! Stuck on a level? Fear not! Match Factory offers a range of powerful boosters to help you overcome tricky situations. Utilize these remarkable tools to advance through the game and unlock exciting items like fruits, candy, cake objects and much more!

Immerse yourself in the world of Match Factory, where thrilling 3D puzzles and hidden objects awaits your keen eye and sharp mind! Download Match Factory now and prove your matching skills to the world! Can you conquer every level and emerge as the ultimate puzzle master?

The Factory Gates Are Open - Start Matching Now!

Match Factory is free to download and includes optional in-game purchases. If you wish to disable in-game purchases, please turn off the in-app purchases in your phone or tablet‚Äôs Settings.

You must be at least 13 years of age, or such higher age as required in your country, to play or download Match Factory.",https://play-lh.googleusercontent.com/JdkgreDBCOxt7_0eeiVgbwtQkkdWmlWMO9cwAyj6rfVcAM5Z9l99zbg4eoUac5C0Bw,Puzzle,4.6581197,"1,000,000+"
Top Troops: Adventure RPG,game.socialempiresmerge,"Top Troops is a fantasy RPG game with a unique mix between strategy and merge mechanics. Easy to try, hard to master.

The war is raging and King's Bay has been wiped out by the King's evil brother!

Build your army, merge your troops, rank them up, and lead them into epic battles on all kinds of game modes: Adventure, PvP Arena, the Chambers of Destiny, Ancient Battles with your Clan,... Your order, your command!

Customize your troops using units of different roles and factions to defeat the Dark Army. Each position on the field can have a big impact on whether you win or you lose, so bring all of your best units but also your brain to the battle!

Lead the craziest army ever, including Wizards, Samurais, Dragons, and even a Vampire Queen! These and other unique troops are waiting for their new Commander.

Classic features:
- QUICK, FUN & EPIC BATTLES: Deploy the right combination of units onto the battlefield and see them use their unique skills in idle battles!
- FORGE ALLIANCES IN CLANS and cooperate to defeat the Ancients!
- COMPETE against the best players in the PvP Arena and rise to the top of the Leaderboard in Diamond League
- MERGE & RANK UP your troops to knock down stronger enemies
- EXPAND & MANAGE YOUR KINGDOM. Reconquer the land that was lost to the King's evil brother
- CHOOSE YOUR STRATEGY: Combine units of different Factions and battle roles to maximize your chances of success!
- RECRUIT THE BEST OF THE BEST. There are +50 Squads, each with their own unique skill set! 
- GAME MODES GALORE: Discover the Magic Island, earn rewards in the Adventure, face other players in the Arena, complete Quests, and learn the secrets of the Chambers of Destiny
- KEEP COMING BACK for new units and time-limited events

Commander, are you ready to face the challenge and lead the King's Top Troops to victory? Help the factions of King's Bay to earn back the land they lost!

Top Troops is is FREE to download and includes optional in-game purchases (including random items). Information about drop rates for random item purchases can be found in-game. If you wish to disable in-game purchases, please turn off the in-app purchases in your phone or tablet's Settings.

Enjoying Top Troops? Drop us a review. :)",https://play-lh.googleusercontent.com/jHoADuKf2liLnFb8a7nb9mKXJzIQlVA7DPY1XlQva9Ucb4QKevbyrYgSMOGxxkWVPVbd,Strategy,4.4855685,"1,000,000+"
Hungry Shark Evolution,com.fgol.HungrySharkEvolution,"The Official game for <b>Shark Week</b> - Welcome to <b>Hungry Shark Evolution</b>, a shark survival game with lots of action in the ocean, and even more fish! Are you ready to become a predator in this <b>free offline mobile game?</b> Explore the underwater world of sharks and evolve! ü¶àü¶àü¶àü¶à

Take control of a very <b>Hungry Shark</b> with mighty jaws and survive as long as possible by eating everything and everyone in your way! Dive into an underwater world where you'll meet the shark that was merged with a T-Rex. Explore a <b>huge environment</b> and <b>evolve sharks</b> like the Great White and Megalodon! <b>Feed and attack</b> with your sea monster!

<b>Become an eater!</b> How does it work? Evolve until you're the <b>greatest predator in the ocean</b>. It‚Äôs all about feeding your shark: Eat all kinds of fish, whales, birds and more, in one of the sharkiest <b>offline games</b> available for free! Benefit from evolution, starting with the dinosaurs, and be known as the feeding frenzy man-eater in this shark simulator game!

A <b>baby shark</b> will help you survive! Evolve to unleash all of its powers and merge different types of sharks together! Game on! An <b>open world</b> full of fish is less lonely with a buddy by your side. And don‚Äôt forget to eat! By the way, you can also <b>play offline</b>.

Playing mobile games is a lot of fun, but being a shark is a hard job. <b>It‚Äôs all about survival</b>. You‚Äôre a predator, but you‚Äôll need a boost from evolution to help you dive to the bottom of the ocean. Be careful! You might be a man-eater, but it‚Äôs not all fish down there: The meg might be hanging around.

Your travels can make you hungry, but you‚Äôll find enough people in the sinking ships to evolve. You‚Äôre a <b>man-eater</b>! Bite - don‚Äôt be idle. Who knows what you‚Äôll find in the sea! An evolution boost? New baby sharks? A water dragon? A fishing island? Explore the underwater animals, concentrate on feeding your shark, and enjoy the beauty of non-Wi-Fi games! Take a bite of this shark game and join the evolution legends.

<b>Do you like free offline games, games without Wi-Fi, and shark attack?</b> Navigate the waters diving with the hungry shark. It doesn‚Äôt matter if you‚Äôre offline while playing. Play without Wi-Fi in this shark simulator game!

In this shark evolution simulator adventure:
‚Ä¢ More than a dozen unique fish, sharks, baby sharks, and other creatures to evolve.
‚Ä¢ Discover and devour wild animals from the deep with your shark.
‚Ä¢ Recruit Baby Sharks and grow them to boost your predatory powers.
‚Ä¢ Equip yourself with awesome accessories like Lasers, Jetpacks, and Top Hats!
‚Ä¢ The open world offers you tons of bonus objects: online or offline!
‚Ä¢ Feed your sharks in this simulator game without Wi-Fi.
‚Ä¢ Activate Gold Rush to survive longer and score more points.
‚Ä¢ The open world offers you regular in-game events: Feed your hunger and win limited prizes!
‚Ä¢ Attack and eat with intuitive touch or tilt controls.
‚Ä¢ Play offline wherever you are ‚Äì <b>no Wi-Fi connection needed!</b> 
‚Ä¢ Become an angry man-eater and evolve to unleash your power.

Many adventures are waiting for you: survival in the ocean, exploring the underwater world, fishing, and much more. This is an offline game: Play without needing to be connected to the Internet!

This game contains In-App Purchases that allow you to buy Gem and Coin currency that can be spent on upgrades. You can also earn Gem and Coin currency in the game without requiring a purchase or by watching video ads from the Treasure screen. The ad is disabled if you make a purchase and it is playable without Wi-Fi. <b>It‚Äôs also an offline game.</b>

Like on Facebook: https://hungryshark.co/FacebookPage
Follow on Twitter: @Hungry_Shark
Subscribe on YouTube: https://hungryshark.co/HungryYouTube
Join us on Instagram: @hungryshark
Need support? Have some feedback for us? Contact us here: https://ubisoft-mobile.helpshift.com/",https://play-lh.googleusercontent.com/6Ij3BrGOfLbkwxdB_SSX8gEvOx68QQC9IPzhmZLddxbklr1yzblPj8MYEf2XUR7n9A,Arcade,4.46923,"500,000,000+"
Hill Climb Racing 2,com.fingersoft.hcr2,"Embark on the ultimate driving adventure with Hill Climb Racing 2 - an arcade racing game that takes the thrill, challenge, and excitement of the original to a whole new level! Set off on a journey of epic proportions as you conquer treacherous terrains, perform jaw-dropping stunts, and race against friends and players from around the world. With its exhilarating gameplay, stunning visuals, and a wide range of customizable vehicles, Hill Climb Racing 2 is the ultimate driving experience you've been waiting for. Welcome to Climb Canyon! 

‚óè Track Editor
The brand new track editor feature is now here and open to everyone! Design and create your own tracks to share with friends or to players around the world! Get out there and create, climb, and conquer those hills!

‚óè Dynamic Vehicles and Upgrades 
Choose from a variety of vehicles, each with its own unique abilities and characteristics. Upgrade your ride to improve its performance on the toughest tracks. From supercars to monster trucks to bikes, the options are endless!

‚óè Multiplayer Mayhem 
Take on players from all over the world in exciting multiplayer races! Compete in races against opponents, and show off your driving skills as you race towards victory. The multiplayer cups mode adds a whole new layer of competition and excitement.

‚óè Updated Adventure Mode
Explore a diverse range of breathtaking landscapes, from challenging hillsides to sprawling cities. Each environment presents its own set of obstacles and opportunities for stunts. Can you master them all?

‚óè Epic Stunts and Challenges 
Perform daring flips, gravity-defying jumps, and outrageous stunts to earn bonus points and rewards. Conquer unique challenges to unlock new stages and vehicles. The more audacious your stunts, the bigger the rewards!

‚óè Customization and Personalization 
Customize your vehicles with a variety of skins, paint jobs, and decals to create a truly unique look. Upgrade and tune your vehicles to suit your playstyle and dominate the tracks. Show off your style to the world!

‚óè Competitive Team Races and Weekly Events
Climb the ranks and prove your driving prowess in competitive team leagues and challenging weekly events . Compete against players of similar skill levels and earn rewards as you rise through the ranks. Will you reach the top and become a driving legend?

Hill Climb Racing 2 is more than just a game ‚Äì it's an adrenaline-pumping, action-packed driving experience that will keep you playing for hours on end. With its intuitive controls, stunning 2d graphics, and a wide variety of vehicles and tracks to explore, this game offers endless excitement and challenges. Whether you're a casual gamer or a seasoned racing enthusiast, Hill Climb Racing 2 is the perfect game to test your driving skills and have a blast while doing it. Jump behind the wheel and get ready to conquer the hills, perform jaw-dropping stunts, and become the ultimate driving champion!

Remember that we're always reading your feedback and are hard at work creating new original content for our racing games: new cars, bikes, cups, levels and features. If you find a bug or have a crash let us know so we can fix it. We really appreciate it if you'd report what you like or dislike and any issues you may have with our racing games to support@fingersoft.com

Follow Us:
* Facebook: https://www.facebook.com/Fingersoft
* X: https://twitter.com/HCR_Official_
* Website: https://www.fingersoft.com
* Instagram: https://www.instagram.com/hillclimbracing_official
* Discord: https://discord.gg/hillclimbracing 
* TikTok  https://www.tiktok.com/@hillclimbracing_game

Terms of Use: https://fingersoft.com/eula-web/
Privacy Policy: https://fingersoft.com/privacy-policy/

Hill Climb Racing‚Ñ¢Ô∏è is a registered trademark of Fingersoft Ltd. All rights reserved.",https://play-lh.googleusercontent.com/2fdEgYhRnpPRTSJLcJ7CpZ9-dFcfbNrP-BYVzzUoCwXyVBMRMVtBUrce0k_l-dV62ps,Racing,4.4906087,"100,000,000+"
Toy Blast,net.peakgames.amy,"<b>Welcome to Toy Blast, the funniest puzzle game ever! </b>

Jump into the Toy world and help Amy through her adventurous journey. Blast the cubes and combine powerful boosters to beat the challenging levels. Join tournaments and events to compete with players all around the world!

Everything you dreamed of is at your fingertips, with the most exciting puzzles you will ever see!

Once you play the colorful puzzles of Toy Blast, you will never look for anything else!

<b>TOY BLAST FEATURES:</b>

‚óè Unique and exciting match-3 levels: fun boards featuring boosters and combos!
‚óè Hilarious episodes: discover all the adventures with Amy and her fantastic friends!
‚óè Fun events every day: Cube Party, Star Tournament, Team Adventure, Crown Rush, Rotor Party and Team Race!
‚óè Complete the daily challenges of Hoop Shot and win magnificent rewards!
‚óè Create your team and join the tournaments to get boosters and unlimited lives!
‚óè Compete with the best players in Legends Arena to get the grand prize!",https://play-lh.googleusercontent.com/uzIGk-ZqUpbSdTErg6fr4wagWHmj_ul9Bw7ZtNqZvOqnM6xgdXnqsl8GKg2u9U0Y,Puzzle,4.6506557,"50,000,000+"
Clash of Clans,com.supercell.clashofclans,"Join millions of players worldwide as you build your village, raise a clan, and compete in epic Clan Wars!

Mustachioed Barbarians, fire wielding Wizards, and other unique troops are waiting for you! Enter the world of Clash!

Classic Features:
‚óè Join a Clan of fellow players or start your own and invite friends.
‚óè Fight in Clan Wars as a team against millions of active players across the globe.
‚óè Test your skills in the competitive Clan War Leagues and prove you‚Äôre the best.
‚óè Forge alliances, work together with your Clan in Clan Games to earn valuable Magic items.
‚óè Plan your unique battle strategy with countless combinations of Spells, Troops, and Heroes!
‚óè Compete with the best players from around the world and rise to the top of the Leaderboard in Legend League.
‚óè Collect resources and steal loot from other players to upgrade your own Village and turn it into a stronghold. 
‚óè Defend against enemy attacks with a multitude of Towers, Cannons, Bombs, Traps, Mortars, and Walls.
‚óè Unlock epic Heroes like the Barbarian King, Archer Queen, Grand Warden, Royal Champion, and Battle Machine. 
‚óè Research upgrades in your Laboratory to make your Troops, Spells, and Siege Machines even more powerful.
‚óè Create your own custom PVP experiences through Friendly Challenges, Friendly Wars, and special live events.
‚óè Watch Clanmates attack and defend in real-time as a spectator or check out the video replays.
‚óè Fight against the Goblin King in a single player campaign mode through the realm.
‚óè Learn new tactics and experiment with your army and Clan Castle troops in Practice Mode.
‚óè Journey to the Builder Base and discover new buildings and characters in a mysterious world.
‚óè Turn your Builder Base into an unbeatable fortress and defeat rival players in Versus Battles. 
‚óè Collect exclusive Hero Skins and Sceneries to customize your Village.

What are you waiting for, Chief? Join the action today.

PLEASE NOTE! Clash of Clans is free to download and play, however, some game items can also be purchased for real money. If you don't want to use this feature, please disable in-app purchases in your device's settings. Also, under our Terms of Service and Privacy Policy, you must be at least 13 years of age to play or download Clash of Clans.

A network connection is also required.

If you have fun playing Clash of Clans, you may also enjoy other Supercell games like Clash Royale, Brawl Stars, Boom Beach, and Hay Day. Make sure to check those out!

Support: Chief, are you having problems? Visit https://help.supercellsupport.com/clash-of-clans/en/index.html or http://supr.cl/ClashForum or contact us in game by going to Settings > Help and Support.

Privacy Policy: http://www.supercell.net/privacy-policy/

Terms of Service: http://www.supercell.net/terms-of-service/

Parent‚Äôs Guide: http://www.supercell.net/parents",https://play-lh.googleusercontent.com/LByrur1mTmPeNr0ljI-uAUcct1rzmTve5Esau1SwoAzjBXQUby6uHIfHbF9TAT51mgHm,Strategy,4.5308237,"500,000,000+"
8 Ball Pool,com.miniclip.eightballpool,"Do you want to play in the world of pool games? 8 Ball Pool is an addictive challenging game based on real 3D pool games, where you will challenge your friends online. Become a master of the pool!

The balls game is easy to win. You just have to select the table and get ready. Join us and challenge your friends to this ball game in PvP mode. Use your pool strategy with the cue wisely in this online multiplayer ball game as every round will be more difficult after each level. You can play in multiplayer or PvP mode in different pool tables. Become the best player and challenge your friends in this pool game.

You can play pool in multiplayer or PvP mode using different balls and table types. 8 Ball Pool is designed to help your intelligence. You will improve the aim when shooting balls with the cue. 

CHALLENGE YOUR FRIENDS
Playing pool in multiplayer tournaments with friends is easy: Sign in for free with your Miniclip or Facebook account and you‚Äôll be able to challenge your friends straight from this multiplayer 8 ball game. Challenge friends to a PvP pool match on the go. Aim and shoot your best balls with a customized cue in our online 3D PvP tournament!

PLAY FOR COINS AND WIN EXCLUSIVE ITEMS
Customize your cue and pool table! In every competitive PvP match you play in our league, there‚Äôll be Coins at stake ‚Äì win the match and the Coins are yours. You can also buy new items in the Pool Shop. Compete in our 3D multiplayer league and become a master of 8 balls in 3D!
The 8 Ball level system means you‚Äôre always facing challenging players in the 8 ball league. Play multiplayer 8 Ball Pool to increase your ranking in our pool league and get access to more exclusive 8 Ball Pool match locations, where you play and compete against the best online pool players. 8 Ball Pool has different match levels: It doesn't matter if you're an amateur or a pro player, take your chance in our PvP competitions with your friends and other players and win the pool challenge: Aim with the cue and prove your skills in this free 8 ball online tournament.

*This 8 Ball Pool game requires internet connection.

This game includes optional in-game purchases (includes random items).

Play on the Web at miniclip.com/pool
TERMS AND CONDITIONS: http://www.miniclip.com/terms-and-conditions
PRIVACY POLICY: http://www.miniclip.com/privacy
------------------------------------
Miniclip: http://www.miniclip.com
Like 8 Ball Pool: http://on.fb.me/Wx4f23
Facebook: http://facebook.com/miniclip
Twitter: http://twitter.com/miniclip",https://play-lh.googleusercontent.com/bPz1guJ6FHF3oIOEy3KqwpaDDKO-hLRaZoyzmM8bLFLN8fWm6L0_EuUnkwv9iqPo3Ag,Sports,4.542642,"1,000,000,000+"
"Discord: Talk, Chat & Hang Out",com.discord,"Discord is where you can make a home for your communities and friends. Where you can stay close and have fun over text, voice, and video chat. Whether you‚Äôre part of a school club, a gaming group, a worldwide art community, or just a handful of friends who want to spend time together, Discord makes it easy to talk every day, and hang out more often.

CREATE AN INVITE-ONLY PLACE
‚Ä¢  Discord servers are organized into topic-based channels where you can collaborate, share, have meetings, or just talk to friends about your day without clogging up a group chat.
‚Ä¢  Send a message directly to a friend or call them up with our voice chat feature
‚Ä¢  Voice channels make hanging out easy. Got a free moment? Grab a seat in a voice channel so friends can see you‚Äôre around and pop in to talk without having to call. You can even watch videos together!
‚Ä¢  Reliable tech for staying close with friends. Low-latency voice and video chat feels like you‚Äôre meeting in the same room.
‚Ä¢  Easily talk with friends while gaming and steam roll the competition.
‚Ä¢  Be a meme messenger with easy image sharing
 
STAY CLOSE WITH TEXT, VIDEO, AND VOICE CHAT
‚Ä¢  Wave hello over video, watch friends stream their games, share stories over voice calls, or gather up and have a drawing session with screen share.
‚Ä¢  Snap a photo and turn it into your own custom emojis and share them with friends.
‚Ä¢  Share anything from funny videos and stories to your latest group photos, and pin your favorites to remember those moments later.
‚Ä¢  Hang out in group channels or talk privately with direct messages
‚Ä¢  Zoom through convos with friends using topic-specific channels!
 
FOR A FEW OR A FANDOM
‚Ä¢  Custom moderation tools and permission levels can group up your friends or teams, organize meetings for your local book club, or bring together music fans from around the world.
‚Ä¢  Create moderators, give special members access to private channels, and much more.",https://play-lh.googleusercontent.com/0oO5sAneb9lJP6l8c6DH4aj6f85qNpplQVHmPmbbBxAukDnlO7DarDW0b-kEIHa8SQ,Communication,3.10476,"100,000,000+"
Family Island‚Ñ¢ ‚Äî Farming game,com.MelsoftGames.FamilyIslandFarm,"Immerse yourself in an unforgettable world of adventure with a modern Stone Age family!

Imagine what your life would be without modern technology, what would you do? Perhaps you would explore territories, build houses or even entire villages; farm, harvest, or maybe you would conquer new lands.

You have an opportunity to be on a desert island together with the heroes of the Family Island game and try yourself in different roles: farmer, cook, explorer, trader and many others. 

Interested? Here are some more features of our game:
‚òÖ <b>Explore</b>  wild territories, solve puzzles, find hidden objects and  set on a thrilling adventure to new islands.
‚òÖ <b>Build</b> and improve your little city in the middle of the ocean.
‚òÖ <b>Start your own family farm!</b> Harvest, grow crops and craft useful goods to trade with other characters.
‚òÖ <b>Cook</b> healthy and tasty food from the ingredients that you can find on the island.
‚òÖ <b>Customize</b> your village with beautiful decorations! Choose flowers and plants that match the unusual landscapes of your village.
‚òÖ <b>Meet</b> unusual animals: island hamsters, wild goats and even a dinosaur are waiting for you!
‚òÖ <b>Help</b> a family survive on a desert island. 

And that is not all! Family Island is a farm game full of unexpected twists and captivating adventure!

Follow Family Island on Facebook and Instagram for exclusive offers and bonuses!
Facebook: facebook.com/familyislandgame/
Instagram: instagram.com/familyislandgame/

Terms of Service: https://static.moonactive.net/legal/terms.html?lang=en
Privacy Notice: https://static.moonactive.net/legal/privacy.html?lang=en

Questions about the game? Our support is ready and waiting at:  https://melsoft-games.helpshift.com/hc/en/11-family-island/",https://play-lh.googleusercontent.com/ur8yumIOT3tkzY-LtP7J-Kwhrq2txcCQxvuNsPNLNDUqBJz1Q354HReLDzx6_RKXqII,Casual,4.579453,"50,000,000+"
Rise of Castles: Ice and Fire,com.im30.ROE.gp,"<b>One World, One Server</b>

Real Time Nation vs. Nation medieval strategy war game. Join now! Train your troops and go to war!

<i>Rise of Castles</i> is a Massive Multi-Player, Real-Time strategy war game. The player will take on the role of a leader in a small town devastated by the invasion of the Eastern Dynasty and the mysterious appearance of the legendary Death Harbingers who now has corrupted and have full control of the ancient powers of the dragons. Build your castle once again from the ruins, train your troops, tame dragons, recruit legendary heroes and join your allies in the non-ending war. To befriend or to plunder, the choice is yours!

<b>Unique Features</b>

<b>-World Wide War</b>
Real-time combat against players across the world, lead your country to greatness

<b>-Strategic Gameplay</b>
One set of units just simply cannot dominate, Footmen, Cavalries and Archers, You have to know your enemy and yourself to walk the battlefield of this world.

<b>-Powerful Dragons</b>
Powerful dragons each with different unique shouts are at your disposal, crush your enemies with their help!

<b>-Hero System</b>
Whether you like to engage your enemies at a distance, take them on at close quarters, or you enjoy developing your base at home, there are TONS of heroes that can help you with just that!

<b>-Alliance Warfare</b>
Whether it‚Äôs going against different servers, or fighting for the title of the president at home, your alliance will always be backing you up, as long as you find the right people of course.

<b>-Realistic Graphics</b>
The Map, The World, Your City, The Units, The Heroes, Everything just seems, REAL

<b>-Build Your Castle</b>
Absolute Freedom in City Building, upgrade your facilities, research your technologies, train your troops and recruit powerful heroes to strengthen your castle!

NOTE: Rise of Castles is free to download and free to play, but does offer in-app purchases of items and other gifts. In-app purchases can be disabled through your device‚Äôs settings.",https://play-lh.googleusercontent.com/32CRjwl_Awbx2OD8_I7-Ew-BVMj_AB-M9YigKvX78Q480mVW9YEhc3GZ5GFU_v9JYg,Strategy,4.5507646,"10,000,000+"
Pocket Champs: 3D Racing Games,com.pocketchamps.game,"Are you ready for an action-packed multiplayer idle racing game? Train your Champ, improve its stats, get him the best gadget and win the race! 

<b>Pocket Champs is a fun multiplayer idle game </b>. Focus your training time on running, flying, or climbing and develop the best strategy before the race. Compete globally against other Champs: who will win the crown?

<b>Running shoes, fins, or pick?</b> Choose the best gadget to give you an edge during the race! Open new chests every day and unlock some legendary gadgets like the Eagle or the Cheetah!

<b> Participate to time-limited events </b> in crazy races against hundreds of opponents! 

As you battle and clash for first place, your Champ will have to run, climb and swim to overtake the pack for victory. But be careful, not every race goes as planned as danger waits to throw you off course!  

üèÉ‚Äç‚ôÄÔ∏è Highly competitive races against others.
üëü Raise and upgrade your special champion.
‚ö° Unlock legendary gadgets
‚≠êÔ∏è Earn unique rewards and more!
üéâ  Release your Champ and watch them race!

Do you have what it takes to win and become the Pocket Champ?

Having issues? Contact us at support_champ@madboxgames.io
FAQ link : https://madbox.helpshift.com/hc/en/",https://play-lh.googleusercontent.com/7e2ZClOmIGbQfKlMNaiJZ6J6O8Xm-W9YnMGWSzP1Q728VjLx6_VBL6vfNC7vWHZvYtpt,Arcade,4.4728765,"10,000,000+"
RAID: Shadow Legends,com.plarium.raidlegends,"Summon over 800 legendary heroes from 15 factions to battle bosses like fearsome dragons and colossal demons. Explore dungeons, enjoy turn-based multiplayer action, and master tactics to free Teleria in this epic role-playing game!

Tactical battles await in this turn-based dark fantasy role-playing game, where you can summon hundreds of Champions from 15 playable factions.

Fight the forces of the dark lord Siroth with your legendary band of immortal warriors. Train them for battle, craft the perfect strategy, and assemble the greatest raiding party ever seen.

Epic clashes await in online modes like the multiplayer Arena, where you can put your team of Champions against others in strategic RPG battles. Experiment with over 1+ million possible Champion builds, craft the ultimate team and their battle tactics, and be the best!

With over 5 years of free content updates and a community that grows bigger every day, join millions of players in the war to liberate Teleria from Siroth and his legions. Become a hero of legend!

| Enjoy deep RPG features |

Collect powerful Champions
Summon 800+ warriors from 15 factions in this tactical role-playing game. Call upon orcs, knights, elves, and more dark fantasy creatures to defeat any threat that stands in your way.

Strategic turn-based RPG gameplay
Equip your Champions with amazing artifacts to aid them in battle. Rank them up to unleash devastating skills, AOE attacks, magic powers and more as you lead them in combat.

Fight epic boss battles
Do you dare take on the Magma Dragon, the Fire Knight, or the Ice Golem? Vanquish challenging bosses in dangerous dungeons for loot, XP, and special Champion drops. Then, in classic turn-based RPG style, fight them again for more powerful gear!

Feel the visceral 3D artwork
Beautiful, fully-rendered 3D heroes offer stunning detail down to the cracks in their armor. Marvel at a vivid fantasy world with thousands of unique skill and attack animations.

Join forces with your Clan
Team up with fellow players and take on challenges like the fearsome Demon Lord with Clans! Battle other Clans in special tournaments and show them that they‚Äôre out of your league.

Face the multiplayer PvP Arena
Go head-to-head with other players in fierce turn-based combat to unlock special gear. Rise through the ranks and become an Arena legend.

Develop and manage your Bastion
Upgrade your own personal fortress to manage your Shards and ready your Champions for dungeon runs, multiplayer arena combat, and the story campaign.

Clear our massive PvE Campaign map
Experience epic dark fantasy done right through 12 spectacular RPG locations spread over a sprawling, fully-voiced story campaign. Heed your heroic duty and conquer the forces of Darkness.

Dive into a deep fantasy world
Learn about Teleria‚Äôs heroes and villains with our growing collection of Champion bios. Then, check out our animated limited series, RAID: Call of the Arbiter, on YouTube!

Please note:
Items are available for purchase in this fantasy MMO role-playing game. Some paid items may not be refundable depending on the type of item.

RAID Official Website: https://plarium.com/
RAID Support: raid.support@plarium.com
Our RPG Community: https://plarium.com/forum/en/raid-shadow-legends/
Privacy Policy: https://plarium.com/en/legal/privacy-and-cookie-policy/
Terms of Use: https://plarium.com/en/legal/terms-of-use/
CCPA Employee and Applicant Notice: https://plarium.com/en/legal/ccpa/",https://play-lh.googleusercontent.com/Yzrkuzt3KcT-oQaJxLBPTzTg5sg5icfj9yybTaOGAq9n4_M3HZ8I98aEknub2DC_2Hk,Role Playing,4.5261292,"50,000,000+"
Subway Surfers,com.kiloo.subwaysurf,"DASH as fast as you can! 
DODGE the oncoming trains! 

Help Jake, Tricky & Fresh escape from the grumpy Inspector and his dog. 

‚òÖ Grind trains with your cool crew! 
‚òÖ Colorful and vivid HD graphics! 
‚òÖ Hoverboard Surfing! 
‚òÖ Paint powered jetpack! 
‚òÖ Lightning fast swipe acrobatics! 
‚òÖ Challenge and help your friends! 

Join the most daring chase! 

A Universal App with HD optimized graphics.

Originally co-developed by SYBO and Kiloo.",https://play-lh.googleusercontent.com/ykHUp1lJfS8xJ9SKi8xGqW2h7D0dCGK_0_77Z35yVoeRKpZn1RdLQJOP5cOHf20vvIU6,Arcade,4.580597,"1,000,000,000+"
Dragon City: Mobile Adventure,es.socialpoint.DragonCity,"Ready to master one of your favorite dragon games? Download Dragon City Mobile to fight and feed adorable fire-breathing dragons in this epic PvP adventure!

Build floating islands in Dragon City Mobile, fill it with farms, habitats, buildings‚Ä¶and tons of dragons! Train them up, feed and evolve them into beasts of legends, and become the top Dragon Master in PvP battles full of adventure!

- Complete the Dragon City Mobile Book of Dragons! Combine dragons of Flame, Nature, Legend, and other elements, to breed unique hybrids of 1500+ awesome dragons for you to fight and feed!
- New dragon legends join the game every week in events, PvP battles, and special adventure islands.
- Decorate your dragons with cool Skins from special events and mini dragon games.
- Adventure through Quests and fight other Dragon Masters in the Dragon City Mobile‚Äôs PvP Arenas to collect one-of-a-kind dragons, claim Warrior's Chests, and climb the leaderboards!
- Summon dragons to your City with the Tree Of Life and try their skills.
- Collect Orbs to empower your dragons: See their strength in PvP battles grow!
- Unlock advanced features of Dragon City Mobile, like the Ancient World, and build the Guardian Dragon Towers to discover Dragonverse legends.
- Build and join Alliances to fight other Dragon Masters, chat with them during your adventure, trade Orbs of dragons in the Trading Hub, share Alliance Gifts, and open Alliance Chests.

Find over 80 million Dragon Masters and 1500+ dragons in Dragon City Mobile. Start your adventure, join one of the best dragon games and build your City today!

If you already love our game‚Ä¶ Drop us a nice review!

Dragon City Mobile is FREE to download and includes optional in-game purchases (including random items). Information about drop rates for random item purchases can be found in-game. If you wish to disable in-game purchases, please turn off the in-app purchases in your phone or tablet‚Äôs Settings.

And from the creators of Dragon City Mobile: check out Monster Legends!

Do Not Sell My Personal Information: https://www.take2games.com/ccpa/",https://play-lh.googleusercontent.com/pU5tN411c4W96hER_P4S0UA0v_kb5ocR7mPWfquVp3kW-SXXf6Otf-Ik4am1lF5yXA,Simulation,4.659945,"100,000,000+"
Plants vs. Zombies‚Ñ¢,com.ea.game.pvzfree_row,"Get ready to soil your plants as a mob of fun-loving zombies is about to invade your home. Use your arsenal of 49 zombie-zapping plants ‚Äî peashooters, wall-nuts, cherry bombs and more ‚Äî to mulchify 26 types of zombies before they break down your door. 

This app offers in-app purchases. You may disable in-app purchasing using your device settings

WINNER OF OVER 30 GAME OF THE YEAR AWARDS*

50 FUN-DEAD LEVELS
Conquer all 50 levels of Adventure mode ‚Äî through day, night, fog, in a swimming pool, on the rooftop and more. Plus fend off a continual wave of zombies as long as you can with Survival mode!

NOT GARDEN-VARIETY GHOULS
Battle zombie pole-vaulters, snorkelers, bucketheads and 26 more fun-dead zombies. Each has its own special skills, so you'll need to think fast and plant faster to combat them all.
Requires acceptance of EA‚Äôs Privacy & Cookie Policy and User Agreement.

SMARTER THAN YOUR AVERAGE ZOMBIE
Be careful how you use your limited supply of greens and seeds. Zombies love brains so much they'll jump, run, dance, swim and even eat plants to get into your house. Open the Almanac to learn more about all the zombies and plants to help plan your strategy. 

FIGHT LONGER, GET STRONGER
Earn 49 powerful perennials as you progress and collect coins to buy a pet snail, power-ups and more.

GROW WITH YOUR GAME
Show off your zombie-zapping prowess by earning 46 awesome achievements and show off your zombie-zapping prowess.

COIN PACKS
Need coins for great new stuff? Buy up to 600,000 coins right from the Main Menu.

*Original Mac/PC downloadable game.

Be the first to know! Get inside EA info on great deals, plus the latest game updates, tips & more‚Ä¶
VISIT US: eamobile.com 
FOLLOW US: twitter.com/eamobile
LIKE US: facebook.com/eamobile
WATCH US: youtube.com/eamobilegames

User Agreement: terms.ea.com
Visit https://help.ea.com/ for assistance or inquiries.

EA may retire online features and services after 30 days‚Äô notice posted on www.ea.com/1/service-updates.

Important Consumer Information. This app contains direct links to the Internet

Requires acceptance of EA‚Äôs Privacy & Cookie Policy and User Agreement",https://play-lh.googleusercontent.com/hO7716hh7NCcFauJedDclX-R3Zh9JmbSs8AUU6TP2edGVILlZM7gmyt_8WPCZELiPQA,Strategy,4.177529,"500,000,000+"
Star Wars‚Ñ¢: Galaxy of Heroes,com.ea.game.starwarscapital_row,"Battle throughout the galaxy as you fight with dark & light side heroes across iconic locations. Enter the action packed world of Star Wars‚Ñ¢ in a turn-based strategy RPG with characters from The Mandalorian, Star Wars‚Ñ¢: The Force Awakens, Rogue One‚Ñ¢: A Star Wars‚Ñ¢ Story, Star Wars‚Ñ¢: The Last Jedi‚Ñ¢, Star Wars‚Ñ¢: The Bad Batch and more. Engage in turn-based combat, epic boss fights, and unrivaled character progression when you download!

Jedi knight or Sith lord ‚Äì the choice is yours! Defeat opponents & rise to the top as you compete in epic boss battles as a hologamer in a far-off cantina. Collect heroes, legends, & other characters from the Star Wars‚Ñ¢ galaxy to construct elite teams ready for the arena. Test your turn-based strategy with strategic moves & pick teammates with complimentary abilities to enter combat with unbeatable squads! Equip your heroes with the ultimate gear & unlock fun abilities to make your squad unstoppable!

Join the champions of the holotables with your squad of iconic heroes in an epic turn-based RPG. Galactic combat awaits!

STAR WARS‚Ñ¢: GALAXY OF HEROES GAMEPLAY

COLLECT CHAMPIONS & CREATE YOUR DREAM TEAM
- Unlock legendary Star Wars‚Ñ¢ heroes & characters: Luke Skywalker, Darth Vader, Han Solo, Yoda & more!
- Battle, level up and upgrade hero units to create your dream squad
- Equip your heroes with upgradable gear to unlock their true potential!

COMPETE IN GALACTIC SPACESHIP BATTLES
- Collect iconic ships such as the Millennium Falcon to construct a war fleet ready for combat!
- Recruit legendary heroes to pilot your mighty armada!
- Unlock special Ship abilities by enlisting custom crews for your fleet.
- Test your turn-based strategy in the Fleet Arena with iconic starships in massive Capital Ships.
- Gather unique upgrade materials for legends and gain rewards after your space battle.

JOIN A STRATEGIC TURN-BASED RPG
- RPG combat: Fight, deploy reinforcements, & turn the tide of battle with the right strategy!
- Battle against other players: Conquer territories, collect epic loot, & upgrade your squad.
- Guild wars: Fight for land in Territory Battles & claim galactic dominance in Territory Wars!
- PvP competition: Lead raids, battle players, and climb the rankings through intense PvP combat.

BECOME A MASTER OF THE GALAXY
- Galactic RPG - command & upgrade your favorite Star Wars‚Ñ¢ heroes & characters.
- Grow unstoppable with commanding moves like Han Solo's ""Never Tell Me the Odds"", Obi-Wan Kenobi's ""Mind Tricks"", The Mandalorian's ""Disintegrate"", & more!
- Battle the masses in turn-based strategy gameplay to become champions of the galactic hologames.
- Become one with The Force in this galactic Star Wars‚Ñ¢ game!

SQUAD UP ONLINE
- Lead raids with friends, fight against bosses like rancors & AAT tanks in turn-based RPG battles!
- Create a customizable Guild & team up with your friends in Guild Wars.
- Dominate in Territory Battles & unleash your entire arsenal of characters & ships against a progressively evolving battlefield.
- Become a battle legend in turn-based RPG events such as Squad Cantina Battles, Galactic Challenges, PvP Squad Arena, & Squad Tournaments.

Raid, battle, & experience the Star Wars‚Ñ¢ galaxy first-hand with the galactic RPG game, Star Wars‚Ñ¢: Galaxy of Heroes!

This app: Requires acceptance of EA‚Äôs Privacy & Cookie Policy and User Agreement. Requires an Internet connection (network fees may apply).  Allows players to communicate via in-game chat. To disable see """"""""Chat Setting"""""""" in the in-game settings menu.  This game includes optional in-game purchases of virtual currency that can be used to acquire virtual in-game items, including a random selection of virtual in-game items. 

User Agreement: terms.ea.com
Privacy and Cookie Policy: privacy.ea.com
Visit help.ea.com for assistance or inquiries.

Do Not Sell My Personal Information: https://tos.ea.com/legalapp/WEBPRIVACYCA/US/en/PC/

EA may retire online features after 30 days‚Äô notice posted on ea.com/service-updates.",https://play-lh.googleusercontent.com/mD_B8KzUVh3ENwq79T_EilMzyK-Zg6srO4tBbX3ilzTE3XglLnj5NGJkYg5RmF0TbS3G,Role Playing,4.0936227,"50,000,000+"
Super Mario Run,com.nintendo.zara,"A new kind of Mario game that you can play with one hand.

You control Mario by tapping as he constantly runs forward. You time your taps to pull off stylish jumps, midair spins, and wall jumps to gather coins and reach the goal!

Super Mario Run can be downloaded for free and after you purchase the game, you will be able to play all the modes with no additional payment required. You can try out all four modes before purchase: World Tour, Toad Rally, Remix 10, and Kingdom Builder.

‚ñ†World Tour
Run and jump with style to rescue Princess Peach from Bowser‚Äôs clutches! 
Travel through plains, caverns, ghost houses, airships, castles, and more.

Clear the 24 exciting courses to rescue Princess Peach from Bowser, waiting in his castle at the end. There are many ways to enjoy the courses, such as collecting the 3 different types of colored coins or by competing for the highest score against your friends. You can try courses 1-1 to 1-4 for free.

After rescuing Princess Peach, a nine-course special world, World Star, will appear.

‚ñ†Remix 10
Some of the shortest Super Mario Run courses you'll ever play!
This mode is Super Mario Run in bite-sized bursts! You'll play through 10 short courses one after the other, with the courses changing each time you play. Daisy is lost somewhere in Remix 10, so try to clear as many courses as you can to find her!

‚ñ†Toad Rally
Show off Mario‚Äôs stylish moves, compete against your friends, and challenge people from all over the world.

In this challenge mode, the competition differs each time you play.
Compete against the stylish moves of other players for the highest score as you gather coins and get cheered on by a crowd of Toads. Fill the gauge with stylish moves to enter Coin Rush Mode to get more coins. If you win the rally, the cheering Toads will come live in your kingdom, and your kingdom will grow. 

‚ñ†Kingdom Builder
Gather coins and Toads to build your very own kingdom.

Combine different buildings and decorations to create your own unique kingdom. There are over 100 kinds of items in Kingdom Builder mode. If you get more Toads in Toad Rally, the number of buildings and decorations available will increase. With the help of the friendly Toads you can gradually build up your kingdom.

‚ñ†What You Can Do After Purchasing All Worlds

„Éª All courses in World Tour are playable
Why not try out the bigger challenges and thrills available in all courses?

„Éª Easier to get Rally Tickets
It's easier to get Rally Tickets that are needed to play Remix 10 and Toad Rally. You can collect them in Kingdom Builder through Bonus Game Houses and ? Blocks, by collecting colored coins in World Tour, and more.

„Éª More playable characters
If you rescue Princess Peach by completing course 6-4 and build homes for Luigi, Yoshi, and Toadette in Kingdom Builder mode, you can get them to join your adventures as playable characters. They play differently than Mario, so why not put their special characteristics to good use in World Tour and Toad Rally?

„Éª More courses in Toad Rally
The types of courses available in Toad Rally will increase to seven different types of courses, expanding the fun! Along with the new additions, Purple and Yellow Toads may also come to cheer for you.

„Éª More buildings and decorations in Kingdom Builder
The types of buildings available will increase, so you'll be able to make your kingdom even more lively. You can also place Rainbow Bridges to expand your kingdom.

„Éª Play Remix 10 without having to wait
You can play Remix 10 continuously, without having to wait between each game.

*Internet connectivity required to play. Data charges may apply. May contain advertisements.",https://play-lh.googleusercontent.com/5LIMaa7WTNy34bzdFhBETa2MRj7mFJZWb8gCn_uyxQkUvFx_uOFCeQjcK16c6WpBA3E,Action,3.9432364,"100,000,000+"
Call of Duty: Mobile Season 5,com.activision.callofduty.shooter,"It's CALL OF DUTY¬Æ and more, like you never seen before. The famous FPS multiplayer game is  back with new seasons full of action! 

Play this fun first-person shooter (FPS) and explore popular Multiplayer modes such as Team Deathmatch, Domination, and Kill-Confirmed on iconic maps such as Shipment, Raid, and Standoff, all in CALL OF DUTY¬Æ: MOBILE!

Squad up with other players and survive the multiplayer experience. 

Play iconic multiplayer maps and modes anytime, anywhere. Fast 5v5 team deathmatch? Scary Zombies action? Sniper vs sniper battle? Activision‚Äôs free-to-play CALL OF DUTY¬Æ: MOBILE has it all.

Experience the thrill of the world‚Äôs most beloved shooter game on your phone for fun on-the-go! 

DOWNLOAD FOR FREE TODAY
CALL OF DUTY¬Æ: MOBILE boasts console quality HD gaming on your phone with customizable and intuitive controls, voice and text chat with your friends, and thrilling 3D graphics and sound. Experience this iconic franchise, on the go. Play this FPS anywhere.

NEW SEASONAL CONTENT UPDATED MONTHLY
CALL OF DUTY¬Æ: MOBILE releases new content with every season with new game modes, maps, themed events, and rewards so it never gets old. Every season expands upon the story in the CALL OF DUTY¬Æ universe and brings new & unique unlockable content for everyone to enjoy. Jump into the battle today!

CUSTOMIZE YOUR UNIQUE LOADOUT
Unlock and earn dozens of iconic operators, weapons, outfits, score streaks and new pieces of gear that can be used to customize your loadouts, allowing you to play CALL OF DUTY¬Æ: MOBILE your way. Take your victory!

COMPETITIVE AND SOCIAL PLAY
Gather your friends and test your mettle in competitive ranked mode or sharpen your aim in social play. Join a clan for a sense of community and earn unique rewards for participating in Clan Wars. It's fun to play with others!

DOWNLOAD OPTIONS TO REDUCE APP SIZE
Download and play CALL OF DUTY¬Æ: MOBILE without the barrier of storage space. As part of an effort to make CALL OF DUTY¬Æ: MOBILE more accessible, the initial app download size has been reduced and additional options allow players to choose what is downloaded to experience the full game, such as HD resources, maps, weapons, and operators.

Have what it takes to compete with the best? Download CALL OF DUTY¬Æ: MOBILE now!
_________________________________________________________
NOTE: We welcome any feedback during your experience to improve the game. To give feedback, in-game go to > Settings > Feedback > Contact Us.
Subscribe for Updates! ---> profile.callofduty.com/cod/registerMobileGame
_________________________________________________________
Note: An internet connection is required to play this game.
Please note this app contains social features that allow you to connect and play with friends and push notifications to inform you when exciting events or new content are taking place in the game. You can choose whether or not to utilize these features.
¬© 2024 Activision Publishing, Inc. ACTIVISION and CALL OF DUTY are trademarks of Activision Publishing, Inc. All other trademarks and trade names are the properties of their respective owners. By downloading, installing or using this App, you agree to Activision's privacy policy and terms of use, as may be updated by Activision from time to time. Please visit http://www.activision.com/privacy/en/privacy.html to view Activision's privacy policy and https://www.activision.com/legal/terms-of-use to view Activision's terms of use.",https://play-lh.googleusercontent.com/zX7jmUbnCkH1LlhGFIffDv76OgJjIy3zZvzC6DPO-Cl-BPXfNVluTCDHTX6YSpvxKUrd,Action,4.3064704,"100,000,000+"
Candy Crush Saga,com.king.candycrushsaga,"Master the legendary match 3 puzzle game from King and have a blast! With over a trillion matching levels played, Candy Crush Saga is the popular match 3 puzzle game!

Match, pop, and blast candies in this tasty puzzle adventure to progress to the next level and get a sugar blast! Master match 3 puzzles with quick thinking and smart matching moves to be rewarded with sugar bonuses and tasty candy combos.

Spread jam by matching 3 or more candies in a row and blast your way through the extra sticky puzzles using jelly fishes! Blast jam and chocolate to collect sweet candy juice across thousands of puzzle levels, guaranteed to have you craving more!

BECOME THE MASTER OF THE CANDY KINGDOM
- Win thousands of sweet matching puzzles: with new puzzles added every 2 weeks, your sugar fix is never far away!

WIN CANDYLICIOUS REWARDS
- Spin the Daily Booster Wheel to receive jelly fishes and other tasty rewards! Master time-limited match 3 challenges to earn boosters and clear the jelly! 

VARIETY OF SUGAR-COATED PUZZLE GAMES
- Sweet ways to play! Play match 3 game modes and more including Sweet Escape and Clear the Jelly. 
- Level up playing match 3 puzzles that range from easy to hard, accessible online or offline.

BLAST CANDIES WITH FRIENDS
- Match and pop candies to get to the top of the leaderboard! Compare scores with friends and find out who‚Äôs the match 3 master!
- Enjoy the sweetest of match 3 puzzle games around! 

If you want to master and blast even more puzzles, you may also enjoy other games from King: Candy Crush Soda Saga, Farm Heroes Saga, and Pet Rescue Saga.

Candy Crush Saga is free to play but optional in-game items require payment. You can turn off the payment feature by disabling in-app purchases in your device‚Äôs settings.

By downloading Candy Crush Saga you agree to our terms of service which can be found at https://king.com/termsAndConditions

Do not sell my data: King shares your personal information with advertising partners to personalize ads. Learn more at https://king.com/privacyPolicy. If you wish to exercise your Do Not Sell My Data rights, you can do so by contacting us via the in-game help center or by going to https://soporto.king.com/contact",https://play-lh.googleusercontent.com/TLUeelx8wcpEzf3hoqeLxPs3ai1tdGtAZTIFkNqy3gbDp1NPpNFTOzSFJDvZ9narFS0,Casual,4.5984344,"1,000,000,000+"
Top War: Battle Game,com.topwar.gp,"Commander, the Dark Legion is coming! 

These Tyrants rule the world! Constant war, refugees scattered across the land and a world starved of hope. Who will liberate us? Become the strongest Commander and a fearless leader in the struggle against the legion, right alongside the freedom league! Merge to upgrade your power whether it's buildings, skills or units, if you can merge it, you can upgrade it! 

- FEATURES -

Top War is an innovative strategy game featuring merge to upgrade gameplay, no more long upgrade waiting times, just merge two together and the upgrade will finish instantly! Recruit Legendary Heroes to lead the stationed Land, Navy and Airforce troops to victory! Upgrade heroes and troops with unique skills and equipment to lead all three armies to become immortal! 

Start on a barren, deserted island and build an idyllic base to train your armies, improve your power and liberate the land. Strength doesn't come from just troops, and that's a good thing! Create a stylish yet formidable island with a variety of buildings and decorations at your disposal. Come and show-off your unique style! 

Battle online with players from all over the world in a variety of game modes such as; Server v Server wars, Dark Forces, War Robots and weekly Capital Throne Showdowns all while experiencing the real battles with your alliance. Fight for glory, liberate the oppressed and dominate your enemies!


- PLEASE NOTE -

Top War: Battle Game is free-to-play and offers in-game purchases. Playing requires a network connection.

- FOLLOW US -

Facebook: https://www.facebook.com/Topwarbattlegame/
Discord: https://discord.gg/topwarbattlegameofficial",https://play-lh.googleusercontent.com/J_4kcCrgNmQdEcMgWG5_ZX5o5Z3GFnkcapT17K3tDf4WOWJ1C29J0yTqFKcGc2m0gXo,Strategy,2.8312879,"50,000,000+"
